filename,width,height,class,xmin,ymin,xmax,ymax
rotated_by_15_Screen Shot 2018-06-08 at 4.59.49 PM.png,416,402,apple,19,31,390,384
rotated_by_15_Screen Shot 2018-06-08 at 5.00.35 PM.png,416,448,apple,7,62,399,448
rotated_by_15_Screen Shot 2018-06-08 at 5.00.43 PM.png,436,472,apple,12,31,432,470
rotated_by_15_Screen Shot 2018-06-08 at 5.01.01 PM.png,374,398,apple,26,20,364,398
rotated_by_15_Screen Shot 2018-06-08 at 5.02.08 PM.png,382,350,apple,13,18,366,334
rotated_by_15_Screen Shot 2018-06-08 at 5.02.54 PM.png,284,310,apple,9,14,274,310
rotated_by_15_Screen Shot 2018-06-08 at 5.03.47 PM.png,370,350,apple,5,16,357,342
rotated_by_15_Screen Shot 2018-06-08 at 5.04.42 PM.png,472,414,apple,19,16,462,413
rotated_by_15_Screen Shot 2018-06-08 at 5.04.59 PM.png,188,178,apple,14,6,170,160
rotated_by_15_Screen Shot 2018-06-08 at 5.06.23 PM.png,194,156,apple,14,7,176,150
rotated_by_15_Screen Shot 2018-06-08 at 5.06.28 PM.png,164,156,apple,3,13,148,150
rotated_by_15_Screen Shot 2018-06-08 at 5.07.05 PM.png,238,224,apple,11,6,234,223
rotated_by_15_Screen Shot 2018-06-08 at 5.07.52 PM.png,262,298,apple,9,31,239,294
rotated_by_15_Screen Shot 2018-06-08 at 5.08.05 PM.png,380,446,apple,11,50,376,443
rotated_by_15_Screen Shot 2018-06-08 at 5.08.46 PM.png,406,400,apple,16,15,383,366
rotated_by_15_Screen Shot 2018-06-08 at 5.09.40 PM.png,214,196,apple,13,6,198,186
rotated_by_15_Screen Shot 2018-06-08 at 5.10.29 PM.png,206,210,apple,7,12,201,209
rotated_by_15_Screen Shot 2018-06-08 at 5.11.02 PM.png,450,450,apple,15,18,435,433
rotated_by_15_Screen Shot 2018-06-08 at 5.14.20 PM.png,320,374,apple,5,35,296,363
rotated_by_15_Screen Shot 2018-06-08 at 5.14.48 PM.png,306,316,apple,7,18,278,301
rotated_by_15_Screen Shot 2018-06-08 at 5.17.04 PM.png,462,432,apple,36,14,434,429
rotated_by_15_Screen Shot 2018-06-08 at 5.17.58 PM.png,346,382,apple,27,11,320,382
rotated_by_15_Screen Shot 2018-06-08 at 5.18.37 PM.png,374,386,apple,17,28,329,385
rotated_by_15_Screen Shot 2018-06-08 at 5.20.42 PM.png,368,428,apple,24,39,353,428
rotated_by_15_Screen Shot 2018-06-08 at 5.21.35 PM.png,326,388,apple,19,60,304,387
rotated_by_15_Screen Shot 2018-06-08 at 5.22.53 PM.png,416,402,apple,27,8,396,400
rotated_by_15_Screen Shot 2018-06-08 at 5.24.04 PM.png,366,384,apple,12,49,344,383
rotated_by_15_Screen Shot 2018-06-08 at 5.24.26 PM.png,366,400,apple,23,25,341,399
rotated_by_15_Screen Shot 2018-06-08 at 5.25.33 PM.png,400,408,apple,18,14,378,397
rotated_by_15_Screen Shot 2018-06-08 at 5.25.43 PM.png,230,212,apple,14,13,205,205
rotated_by_15_Screen Shot 2018-06-08 at 5.25.49 PM.png,226,210,apple,19,8,207,200
rotated_by_15_Screen Shot 2018-06-08 at 5.25.54 PM.png,410,364,apple,16,27,396,358
rotated_by_15_Screen Shot 2018-06-08 at 5.26.13 PM.png,368,358,apple,28,26,357,354
rotated_by_15_Screen Shot 2018-06-08 at 5.26.19 PM.png,388,440,apple,2,19,361,429
rotated_by_15_Screen Shot 2018-06-08 at 5.27.19 PM.png,376,386,apple,1,17,376,384
rotated_by_15_Screen Shot 2018-06-08 at 5.27.27 PM.png,376,384,apple,19,11,361,384
rotated_by_15_Screen Shot 2018-06-08 at 5.27.54 PM.png,534,430,apple,35,24,533,430
rotated_by_15_Screen Shot 2018-06-08 at 5.28.10 PM.png,474,416,apple,25,24,443,396
rotated_by_15_Screen Shot 2018-06-08 at 5.28.59 PM.png,282,338,apple,21,42,253,320
rotated_by_30_Screen Shot 2018-06-08 at 5.00.35 PM.png,416,448,apple,15,68,415,438
rotated_by_30_Screen Shot 2018-06-08 at 5.01.08 PM.png,450,460,apple,16,57,436,439
rotated_by_30_Screen Shot 2018-06-08 at 5.02.31 PM.png,388,408,apple,34,25,377,404
rotated_by_30_Screen Shot 2018-06-08 at 5.02.54 PM.png,284,310,apple,16,29,277,303
rotated_by_30_Screen Shot 2018-06-08 at 5.03.34 PM.png,484,430,apple,45,1,459,412
rotated_by_30_Screen Shot 2018-06-08 at 5.03.40 PM.png,426,422,apple,15,27,401,412
rotated_by_30_Screen Shot 2018-06-08 at 5.04.42 PM.png,472,414,apple,50,4,465,403
rotated_by_30_Screen Shot 2018-06-08 at 5.05.06 PM.png,180,160,apple,6,8,161,157
rotated_by_30_Screen Shot 2018-06-08 at 5.05.34 PM.png,378,370,apple,4,26,366,361
rotated_by_30_Screen Shot 2018-06-08 at 5.06.10 PM.png,352,358,apple,37,70,326,313
rotated_by_30_Screen Shot 2018-06-08 at 5.07.05 PM.png,238,224,apple,19,2,232,224
rotated_by_30_Screen Shot 2018-06-08 at 5.07.26 PM.png,392,370,apple,30,20,346,370
rotated_by_30_Screen Shot 2018-06-08 at 5.07.52 PM.png,262,298,apple,1,58,248,298
rotated_by_30_Screen Shot 2018-06-08 at 5.08.37 PM.png,466,438,apple,10,52,408,435
rotated_by_30_Screen Shot 2018-06-08 at 5.08.46 PM.png,406,400,apple,14,21,371,368
rotated_by_30_Screen Shot 2018-06-08 at 5.09.10 PM.png,390,432,apple,21,58,371,403
rotated_by_30_Screen Shot 2018-06-08 at 5.10.11 PM.png,406,442,apple,29,61,392,422
rotated_by_30_Screen Shot 2018-06-08 at 5.11.24 PM.png,584,510,apple,40,102,505,510
rotated_by_30_Screen Shot 2018-06-08 at 5.11.35 PM.png,346,318,apple,32,24,331,304
rotated_by_30_Screen Shot 2018-06-08 at 5.16.16 PM.png,322,326,apple,22,13,269,301
rotated_by_30_Screen Shot 2018-06-08 at 5.16.37 PM.png,422,398,apple,9,23,400,394
rotated_by_30_Screen Shot 2018-06-08 at 5.16.49 PM.png,442,398,apple,6,31,417,392
rotated_by_30_Screen Shot 2018-06-08 at 5.19.28 PM.png,392,378,apple,23,29,312,378
rotated_by_30_Screen Shot 2018-06-08 at 5.20.17 PM.png,386,468,apple,14,83,385,453
rotated_by_30_Screen Shot 2018-06-08 at 5.20.42 PM.png,368,428,apple,6,57,368,426
rotated_by_30_Screen Shot 2018-06-08 at 5.21.40 PM.png,362,360,apple,29,22,340,352
rotated_by_30_Screen Shot 2018-06-08 at 5.21.56 PM.png,200,182,apple,13,15,175,180
rotated_by_30_Screen Shot 2018-06-08 at 5.22.48 PM.png,432,424,apple,16,38,417,420
rotated_by_30_Screen Shot 2018-06-08 at 5.23.51 PM.png,428,424,apple,5,22,425,409
rotated_by_30_Screen Shot 2018-06-08 at 5.24.12 PM.png,406,362,apple,18,64,341,362
rotated_by_30_Screen Shot 2018-06-08 at 5.24.19 PM.png,432,464,apple,25,99,420,452
rotated_by_30_Screen Shot 2018-06-08 at 5.24.35 PM.png,372,406,apple,9,64,349,406
rotated_by_30_Screen Shot 2018-06-08 at 5.26.13 PM.png,368,358,apple,44,37,349,357
rotated_by_30_Screen Shot 2018-06-08 at 5.26.41 PM.png,240,256,apple,15,12,229,256
rotated_by_30_Screen Shot 2018-06-08 at 5.27.49 PM.png,438,472,apple,11,28,424,471
rotated_by_30_Screen Shot 2018-06-08 at 5.27.54 PM.png,534,430,apple,48,14,503,413
rotated_by_30_Screen Shot 2018-06-08 at 5.28.32 PM.png,152,154,apple,6,12,141,154
rotated_by_30_Screen Shot 2018-06-08 at 5.28.59 PM.png,282,338,apple,26,66,279,337
rotated_by_30_Screen Shot 2018-06-08 at 5.29.18 PM.png,210,174,apple,12,7,183,163
rotated_by_30_Screen Shot 2018-06-08 at 5.32.50 PM.png,390,392,apple,7,20,381,392
rotated_by_45_Screen Shot 2018-06-08 at 5.00.12 PM.png,388,428,apple,34,76,373,426
rotated_by_45_Screen Shot 2018-06-08 at 5.00.26 PM.png,414,420,apple,26,39,408,397
rotated_by_45_Screen Shot 2018-06-08 at 5.01.22 PM.png,448,426,apple,24,18,413,408
rotated_by_45_Screen Shot 2018-06-08 at 5.01.41 PM.png,476,442,apple,33,15,461,442
rotated_by_45_Screen Shot 2018-06-08 at 5.02.54 PM.png,284,310,apple,14,45,284,303
rotated_by_45_Screen Shot 2018-06-08 at 5.03.40 PM.png,426,422,apple,23,35,426,402
rotated_by_45_Screen Shot 2018-06-08 at 5.04.05 PM.png,466,464,apple,2,20,454,461
rotated_by_45_Screen Shot 2018-06-08 at 5.04.11 PM.png,308,366,apple,19,43,308,349
rotated_by_45_Screen Shot 2018-06-08 at 5.05.12 PM.png,180,172,apple,9,15,156,172
rotated_by_45_Screen Shot 2018-06-08 at 5.05.18 PM.png,184,172,apple,20,13,162,163
rotated_by_45_Screen Shot 2018-06-08 at 5.05.27 PM.png,434,442,apple,19,33,426,442
rotated_by_45_Screen Shot 2018-06-08 at 5.06.28 PM.png,164,156,apple,1,15,142,153
rotated_by_45_Screen Shot 2018-06-08 at 5.09.25 PM.png,356,390,apple,9,36,350,389
rotated_by_45_Screen Shot 2018-06-08 at 5.10.11 PM.png,406,442,apple,13,61,406,423
rotated_by_45_Screen Shot 2018-06-08 at 5.11.24 PM.png,584,510,apple,22,91,521,508
rotated_by_45_Screen Shot 2018-06-08 at 5.11.41 PM.png,380,402,apple,9,78,366,398
rotated_by_45_Screen Shot 2018-06-08 at 5.14.01 PM.png,526,506,apple,14,37,523,483
rotated_by_45_Screen Shot 2018-06-08 at 5.14.44 PM.png,372,364,apple,3,20,357,357
rotated_by_45_Screen Shot 2018-06-08 at 5.15.21 PM.png,480,464,apple,16,13,471,453
rotated_by_45_Screen Shot 2018-06-08 at 5.17.10 PM.png,408,410,apple,22,15,406,409
rotated_by_45_Screen Shot 2018-06-08 at 5.18.26 PM.png,364,402,apple,3,33,353,393
rotated_by_45_Screen Shot 2018-06-08 at 5.18.37 PM.png,374,386,apple,3,72,362,386
rotated_by_45_Screen Shot 2018-06-08 at 5.18.42 PM.png,400,338,apple,5,35,367,338
rotated_by_45_Screen Shot 2018-06-08 at 5.19.47 PM.png,382,440,apple,17,34,382,417
rotated_by_45_Screen Shot 2018-06-08 at 5.20.26 PM.png,462,432,apple,21,8,455,426
rotated_by_45_Screen Shot 2018-06-08 at 5.20.32 PM.png,432,440,apple,19,42,431,412
rotated_by_45_Screen Shot 2018-06-08 at 5.20.51 PM.png,378,388,apple,5,30,364,385
rotated_by_45_Screen Shot 2018-06-08 at 5.21.44 PM.png,372,370,apple,11,35,370,370
rotated_by_45_Screen Shot 2018-06-08 at 5.22.20 PM.png,208,164,apple,20,9,194,163
rotated_by_45_Screen Shot 2018-06-08 at 5.24.04 PM.png,366,384,apple,6,62,364,382
rotated_by_45_Screen Shot 2018-06-08 at 5.24.35 PM.png,372,406,apple,2,57,357,399
rotated_by_45_Screen Shot 2018-06-08 at 5.25.54 PM.png,410,364,apple,20,30,394,353
rotated_by_45_Screen Shot 2018-06-08 at 5.26.19 PM.png,388,440,apple,13,95,384,440
rotated_by_45_Screen Shot 2018-06-08 at 5.26.41 PM.png,240,256,apple,7,14,240,237
rotated_by_45_Screen Shot 2018-06-08 at 5.26.52 PM.png,224,258,apple,3,19,224,240
rotated_by_45_Screen Shot 2018-06-08 at 5.27.49 PM.png,438,472,apple,5,44,437,455
rotated_by_45_Screen Shot 2018-06-08 at 5.28.04 PM.png,364,388,apple,8,24,351,375
rotated_by_45_Screen Shot 2018-06-08 at 5.28.59 PM.png,282,338,apple,2,67,282,336
rotated_by_45_Screen Shot 2018-06-08 at 5.29.24 PM.png,210,158,apple,29,12,193,146
rotated_by_45_Screen Shot 2018-06-08 at 5.33.55 PM.png,376,342,apple,11,12,362,331
rotated_by_45_Screen Shot 2018-06-08 at 5.34.14 PM.png,458,434,apple,15,19,454,434
rotated_by_45_Screen Shot 2018-06-08 at 5.34.21 PM.png,374,402,apple,1,12,374,396
rotated_by_60_Screen Shot 2018-06-08 at 4.59.36 PM.png,458,476,apple,15,44,450,470
rotated_by_60_Screen Shot 2018-06-08 at 4.59.57 PM.png,436,452,apple,9,23,421,447
rotated_by_60_Screen Shot 2018-06-08 at 5.00.12 PM.png,388,428,apple,9,44,388,418
rotated_by_60_Screen Shot 2018-06-08 at 5.01.22 PM.png,448,426,apple,21,18,431,415
rotated_by_60_Screen Shot 2018-06-08 at 5.02.48 PM.png,298,308,apple,10,13,297,308
rotated_by_60_Screen Shot 2018-06-08 at 5.02.54 PM.png,284,310,apple,7,23,284,309
rotated_by_60_Screen Shot 2018-06-08 at 5.03.17 PM.png,376,380,apple,15,39,375,380
rotated_by_60_Screen Shot 2018-06-08 at 5.04.16 PM.png,354,336,apple,16,44,324,336
rotated_by_60_Screen Shot 2018-06-08 at 5.05.18 PM.png,184,172,apple,18,16,164,164
rotated_by_60_Screen Shot 2018-06-08 at 5.05.34 PM.png,378,370,apple,24,35,365,370
rotated_by_60_Screen Shot 2018-06-08 at 5.05.41 PM.png,468,430,apple,44,5,450,430
rotated_by_60_Screen Shot 2018-06-08 at 5.06.10 PM.png,352,358,apple,20,32,345,352
rotated_by_60_Screen Shot 2018-06-08 at 5.06.54 PM.png,250,224,apple,9,17,214,224
rotated_by_60_Screen Shot 2018-06-08 at 5.07.32 PM.png,432,472,apple,44,83,418,471
rotated_by_60_Screen Shot 2018-06-08 at 5.08.05 PM.png,380,446,apple,18,49,380,420
rotated_by_60_Screen Shot 2018-06-08 at 5.08.58 PM.png,230,204,apple,16,14,220,202
rotated_by_60_Screen Shot 2018-06-08 at 5.09.17 PM.png,396,418,apple,18,28,396,410
rotated_by_60_Screen Shot 2018-06-08 at 5.10.37 PM.png,200,216,apple,4,21,200,211
rotated_by_60_Screen Shot 2018-06-08 at 5.11.02 PM.png,450,450,apple,7,29,425,450
rotated_by_60_Screen Shot 2018-06-08 at 5.14.07 PM.png,404,472,apple,37,86,404,448
rotated_by_60_Screen Shot 2018-06-08 at 5.14.44 PM.png,372,364,apple,21,48,355,364
rotated_by_60_Screen Shot 2018-06-08 at 5.15.28 PM.png,384,438,apple,32,54,368,433
rotated_by_60_Screen Shot 2018-06-08 at 5.16.06 PM.png,226,210,apple,10,13,216,210
rotated_by_60_Screen Shot 2018-06-08 at 5.16.16 PM.png,322,326,apple,10,30,298,314
rotated_by_60_Screen Shot 2018-06-08 at 5.18.51 PM.png,374,390,apple,13,24,374,388
rotated_by_60_Screen Shot 2018-06-08 at 5.18.58 PM.png,390,360,apple,12,26,364,360
rotated_by_60_Screen Shot 2018-06-08 at 5.20.32 PM.png,432,440,apple,31,29,431,435
rotated_by_60_Screen Shot 2018-06-08 at 5.20.51 PM.png,378,388,apple,6,28,357,388
rotated_by_60_Screen Shot 2018-06-08 at 5.21.22 PM.png,582,426,apple,67,2,563,426
rotated_by_60_Screen Shot 2018-06-08 at 5.21.44 PM.png,372,370,apple,6,9,372,360
rotated_by_60_Screen Shot 2018-06-08 at 5.21.56 PM.png,200,182,apple,18,7,181,182
rotated_by_60_Screen Shot 2018-06-08 at 5.23.07 PM.png,438,372,apple,18,20,426,372
rotated_by_60_Screen Shot 2018-06-08 at 5.23.26 PM.png,196,158,apple,11,7,187,158
rotated_by_60_Screen Shot 2018-06-08 at 5.25.54 PM.png,410,364,apple,44,27,400,352
rotated_by_60_Screen Shot 2018-06-08 at 5.26.19 PM.png,388,440,apple,9,56,388,439
rotated_by_60_Screen Shot 2018-06-08 at 5.26.24 PM.png,336,374,apple,17,69,329,374
rotated_by_60_Screen Shot 2018-06-08 at 5.27.06 PM.png,338,354,apple,12,6,332,354
rotated_by_60_Screen Shot 2018-06-08 at 5.27.13 PM.png,366,352,apple,26,14,362,352
rotated_by_60_Screen Shot 2018-06-08 at 5.27.49 PM.png,438,472,apple,15,27,438,461
rotated_by_60_Screen Shot 2018-06-08 at 5.28.32 PM.png,152,154,apple,4,8,139,154
rotated_by_60_Screen Shot 2018-06-08 at 5.29.18 PM.png,210,174,apple,17,12,190,173
rotated_by_60_Screen Shot 2018-06-08 at 5.32.33 PM.png,422,414,apple,20,8,422,411
rotated_by_60_Screen Shot 2018-06-08 at 5.32.43 PM.png,414,372,apple,38,15,395,372
rotated_by_60_Screen Shot 2018-06-08 at 5.33.33 PM.png,246,248,apple,19,10,241,232
rotated_by_60_Screen Shot 2018-06-08 at 5.33.47 PM.png,326,278,apple,21,6,313,266
rotated_by_60_Screen Shot 2018-06-08 at 5.34.07 PM.png,410,362,apple,14,12,366,362
rotated_by_75_Screen Shot 2018-06-08 at 4.59.36 PM.png,458,476,apple,9,17,449,470
rotated_by_75_Screen Shot 2018-06-08 at 5.00.26 PM.png,414,420,apple,18,30,414,407
rotated_by_75_Screen Shot 2018-06-08 at 5.00.35 PM.png,416,448,apple,27,51,416,434
rotated_by_75_Screen Shot 2018-06-08 at 5.00.50 PM.png,454,456,apple,33,28,414,423
rotated_by_75_Screen Shot 2018-06-08 at 5.01.01 PM.png,374,398,apple,9,27,374,388
rotated_by_75_Screen Shot 2018-06-08 at 5.02.31 PM.png,388,408,apple,24,22,388,380
rotated_by_75_Screen Shot 2018-06-08 at 5.04.11 PM.png,308,366,apple,31,45,308,322
rotated_by_75_Screen Shot 2018-06-08 at 5.04.42 PM.png,472,414,apple,59,11,441,370
rotated_by_75_Screen Shot 2018-06-08 at 5.05.12 PM.png,180,172,apple,12,17,174,172
rotated_by_75_Screen Shot 2018-06-08 at 5.05.34 PM.png,378,370,apple,25,17,369,370
rotated_by_75_Screen Shot 2018-06-08 at 5.06.23 PM.png,194,156,apple,19,16,161,155
rotated_by_75_Screen Shot 2018-06-08 at 5.06.28 PM.png,164,156,apple,14,18,144,156
rotated_by_75_Screen Shot 2018-06-08 at 5.06.40 PM.png,476,428,apple,33,12,450,428
rotated_by_75_Screen Shot 2018-06-08 at 5.06.54 PM.png,250,224,apple,11,15,217,224
rotated_by_75_Screen Shot 2018-06-08 at 5.08.37 PM.png,466,438,apple,16,83,433,437
rotated_by_75_Screen Shot 2018-06-08 at 5.09.10 PM.png,390,432,apple,27,39,389,410
rotated_by_75_Screen Shot 2018-06-08 at 5.09.25 PM.png,356,390,apple,15,25,356,368
rotated_by_75_Screen Shot 2018-06-08 at 5.09.40 PM.png,214,196,apple,14,6,202,194
rotated_by_75_Screen Shot 2018-06-08 at 5.12.56 PM.png,378,406,apple,32,25,378,400
rotated_by_75_Screen Shot 2018-06-08 at 5.13.54 PM.png,460,464,apple,40,74,440,464
rotated_by_75_Screen Shot 2018-06-08 at 5.14.44 PM.png,372,364,apple,29,25,352,364
rotated_by_75_Screen Shot 2018-06-08 at 5.14.48 PM.png,306,316,apple,29,42,298,316
rotated_by_75_Screen Shot 2018-06-08 at 5.15.01 PM.png,400,464,apple,49,33,400,437
rotated_by_75_Screen Shot 2018-06-08 at 5.15.14 PM.png,232,244,apple,7,17,224,244
rotated_by_75_Screen Shot 2018-06-08 at 5.16.37 PM.png,422,398,apple,33,3,405,398
rotated_by_75_Screen Shot 2018-06-08 at 5.16.49 PM.png,442,398,apple,30,33,426,398
rotated_by_75_Screen Shot 2018-06-08 at 5.17.22 PM.png,426,406,apple,32,17,397,406
rotated_by_75_Screen Shot 2018-06-08 at 5.18.37 PM.png,374,386,apple,34,32,348,386
rotated_by_75_Screen Shot 2018-06-08 at 5.19.15 PM.png,390,406,apple,45,33,382,406
rotated_by_75_Screen Shot 2018-06-08 at 5.19.35 PM.png,422,434,apple,42,8,422,419
rotated_by_75_Screen Shot 2018-06-08 at 5.20.08 PM.png,336,402,apple,46,37,336,384
rotated_by_75_Screen Shot 2018-06-08 at 5.20.42 PM.png,368,428,apple,65,51,368,405
rotated_by_75_Screen Shot 2018-06-08 at 5.20.56 PM.png,436,444,apple,44,31,430,444
rotated_by_75_Screen Shot 2018-06-08 at 5.21.06 PM.png,194,192,apple,7,4,183,192
rotated_by_75_Screen Shot 2018-06-08 at 5.21.40 PM.png,362,360,apple,19,24,352,356
rotated_by_75_Screen Shot 2018-06-08 at 5.22.27 PM.png,192,174,apple,5,8,172,174
rotated_by_75_Screen Shot 2018-06-08 at 5.23.23 PM.png,194,164,apple,12,6,169,164
rotated_by_75_Screen Shot 2018-06-08 at 5.25.43 PM.png,230,212,apple,8,14,197,212
rotated_by_75_Screen Shot 2018-06-08 at 5.25.54 PM.png,410,364,apple,27,20,368,364
rotated_by_75_Screen Shot 2018-06-08 at 5.26.05 PM.png,462,466,apple,37,32,449,466
rotated_by_75_Screen Shot 2018-06-08 at 5.26.47 PM.png,208,224,apple,17,13,201,224
rotated_by_75_Screen Shot 2018-06-08 at 5.28.10 PM.png,474,416,apple,27,18,431,416
rotated_by_75_Screen Shot 2018-06-08 at 5.28.59 PM.png,282,338,apple,6,24,282,329
rotated_by_75_Screen Shot 2018-06-08 at 5.29.24 PM.png,210,158,apple,30,1,189,157
rotated_by_75_Screen Shot 2018-06-08 at 5.32.50 PM.png,390,392,apple,7,33,389,392
rotated_by_75_Screen Shot 2018-06-08 at 5.33.05 PM.png,272,346,apple,2,13,272,330
saltandpepper_Screen Shot 2018-06-08 at 5.00.12 PM.png,388,428,apple,29,47,349,428
saltandpepper_Screen Shot 2018-06-08 at 5.00.43 PM.png,436,472,apple,29,17,424,472
saltandpepper_Screen Shot 2018-06-08 at 5.00.50 PM.png,454,456,apple,16,20,454,455
saltandpepper_Screen Shot 2018-06-08 at 5.01.34 PM.png,382,402,apple,8,31,354,401
saltandpepper_Screen Shot 2018-06-08 at 5.02.38 PM.png,410,358,apple,16,15,369,352
saltandpepper_Screen Shot 2018-06-08 at 5.03.47 PM.png,370,350,apple,18,13,370,349
saltandpepper_Screen Shot 2018-06-08 at 5.04.48 PM.png,176,160,apple,12,7,150,159
saltandpepper_Screen Shot 2018-06-08 at 5.05.06 PM.png,180,160,apple,7,1,165,160
saltandpepper_Screen Shot 2018-06-08 at 5.05.41 PM.png,468,430,apple,20,7,458,423
saltandpepper_Screen Shot 2018-06-08 at 5.06.54 PM.png,250,224,apple,9,8,236,205
saltandpepper_Screen Shot 2018-06-08 at 5.07.05 PM.png,238,224,apple,23,24,229,219
saltandpepper_Screen Shot 2018-06-08 at 5.07.26 PM.png,392,370,apple,33,44,332,362
saltandpepper_Screen Shot 2018-06-08 at 5.08.05 PM.png,380,446,apple,11,75,361,445
saltandpepper_Screen Shot 2018-06-08 at 5.09.03 PM.png,400,380,apple,24,38,383,380
saltandpepper_Screen Shot 2018-06-08 at 5.09.40 PM.png,214,196,apple,4,5,214,189
saltandpepper_Screen Shot 2018-06-08 at 5.10.11 PM.png,406,442,apple,18,42,391,436
saltandpepper_Screen Shot 2018-06-08 at 5.11.35 PM.png,346,318,apple,24,30,319,318
saltandpepper_Screen Shot 2018-06-08 at 5.11.59 PM.png,420,438,apple,18,67,391,438
saltandpepper_Screen Shot 2018-06-08 at 5.12.14 PM.png,470,452,apple,31,16,442,434
saltandpepper_Screen Shot 2018-06-08 at 5.12.41 PM.png,478,432,apple,19,13,461,422
saltandpepper_Screen Shot 2018-06-08 at 5.12.47 PM.png,442,440,apple,17,28,421,437
saltandpepper_Screen Shot 2018-06-08 at 5.13.45 PM.png,380,408,apple,9,64,370,408
saltandpepper_Screen Shot 2018-06-08 at 5.14.56 PM.png,438,376,apple,16,19,399,360
saltandpepper_Screen Shot 2018-06-08 at 5.15.14 PM.png,232,244,apple,5,14,231,235
saltandpepper_Screen Shot 2018-06-08 at 5.15.21 PM.png,480,464,apple,16,7,480,452
saltandpepper_Screen Shot 2018-06-08 at 5.15.52 PM.png,448,426,apple,15,13,443,426
saltandpepper_Screen Shot 2018-06-08 at 5.16.06 PM.png,226,210,apple,9,11,210,202
saltandpepper_Screen Shot 2018-06-08 at 5.16.28 PM.png,380,352,apple,13,10,352,352
saltandpepper_Screen Shot 2018-06-08 at 5.16.57 PM.png,366,408,apple,23,19,352,407
saltandpepper_Screen Shot 2018-06-08 at 5.18.37 PM.png,374,386,apple,5,27,335,385
saltandpepper_Screen Shot 2018-06-08 at 5.18.51 PM.png,374,390,apple,8,32,344,390
saltandpepper_Screen Shot 2018-06-08 at 5.21.35 PM.png,326,388,apple,29,68,308,387
saltandpepper_Screen Shot 2018-06-08 at 5.22.48 PM.png,432,424,apple,27,18,411,424
saltandpepper_Screen Shot 2018-06-08 at 5.23.31 PM.png,196,170,apple,12,14,188,170
saltandpepper_Screen Shot 2018-06-08 at 5.24.12 PM.png,406,362,apple,2,32,353,353
saltandpepper_Screen Shot 2018-06-08 at 5.24.19 PM.png,432,464,apple,8,65,432,454
saltandpepper_Screen Shot 2018-06-08 at 5.25.28 PM.png,302,308,apple,17,14,292,299
saltandpepper_Screen Shot 2018-06-08 at 5.25.49 PM.png,226,210,apple,1,13,218,204
saltandpepper_Screen Shot 2018-06-08 at 5.26.29 PM.png,352,334,apple,14,13,307,334
saltandpepper_Screen Shot 2018-06-08 at 5.28.10 PM.png,474,416,apple,12,8,457,416
saltandpepper_Screen Shot 2018-06-08 at 5.28.59 PM.png,282,338,apple,6,52,269,338
saltandpepper_Screen Shot 2018-06-08 at 5.29.13 PM.png,182,172,apple,20,12,169,166
saltandpepper_Screen Shot 2018-06-08 at 5.29.31 PM.png,400,422,apple,7,20,390,422
saltandpepper_Screen Shot 2018-06-08 at 5.34.01 PM.png,362,332,apple,12,12,358,332
saltandpepper_Screen Shot 2018-06-08 at 5.34.14 PM.png,458,434,apple,16,15,453,434
Screen Shot 2018-06-08 at 4.59.44 PM.png,470,386,apple,41,13,451,366
Screen Shot 2018-06-08 at 5.01.15 PM.png,382,422,apple,25,33,382,408
Screen Shot 2018-06-08 at 5.01.22 PM.png,448,426,apple,32,23,448,414
Screen Shot 2018-06-08 at 5.01.41 PM.png,476,442,apple,10,21,454,442
Screen Shot 2018-06-08 at 5.02.43 PM.png,296,336,apple,12,18,291,334
Screen Shot 2018-06-08 at 5.03.40 PM.png,426,422,apple,29,14,395,418
Screen Shot 2018-06-08 at 5.04.16 PM.png,354,336,apple,4,15,321,335
Screen Shot 2018-06-08 at 5.04.24 PM.png,364,324,apple,39,9,317,305
Screen Shot 2018-06-08 at 5.05.34 PM.png,378,370,apple,37,31,347,361
Screen Shot 2018-06-08 at 5.05.41 PM.png,468,430,apple,21,15,468,426
Screen Shot 2018-06-08 at 5.07.18 PM.png,328,278,apple,24,27,294,275
Screen Shot 2018-06-08 at 5.07.26 PM.png,392,370,apple,15,29,349,370
Screen Shot 2018-06-08 at 5.07.52 PM.png,262,298,apple,15,39,230,290
Screen Shot 2018-06-08 at 5.08.37 PM.png,466,438,apple,15,34,393,437
Screen Shot 2018-06-08 at 5.09.17 PM.png,396,418,apple,12,16,384,418
Screen Shot 2018-06-08 at 5.09.31 PM.png,202,208,apple,12,12,202,207
Screen Shot 2018-06-08 at 5.09.40 PM.png,214,196,apple,10,12,208,184
Screen Shot 2018-06-08 at 5.09.47 PM.png,206,234,apple,13,24,198,231
Screen Shot 2018-06-08 at 5.09.54 PM.png,198,208,apple,6,16,198,205
Screen Shot 2018-06-08 at 5.10.43 PM.png,214,198,apple,7,3,214,191
Screen Shot 2018-06-08 at 5.12.56 PM.png,378,406,apple,7,31,366,405
Screen Shot 2018-06-08 at 5.13.25 PM.png,318,292,apple,3,18,291,292
Screen Shot 2018-06-08 at 5.13.31 PM.png,376,324,apple,22,11,334,324
Screen Shot 2018-06-08 at 5.13.54 PM.png,460,464,apple,11,13,425,464
Screen Shot 2018-06-08 at 5.14.01 PM.png,526,506,apple,41,1,507,506
Screen Shot 2018-06-08 at 5.15.09 PM.png,312,302,apple,1,20,287,302
Screen Shot 2018-06-08 at 5.15.45 PM.png,432,418,apple,12,14,424,418
Screen Shot 2018-06-08 at 5.16.06 PM.png,226,210,apple,2,8,215,208
Screen Shot 2018-06-08 at 5.16.28 PM.png,380,352,apple,4,12,341,352
Screen Shot 2018-06-08 at 5.16.37 PM.png,422,398,apple,8,13,404,398
Screen Shot 2018-06-08 at 5.17.58 PM.png,346,382,apple,13,18,345,374
Screen Shot 2018-06-08 at 5.19.58 PM.png,390,354,apple,65,49,390,348
Screen Shot 2018-06-08 at 5.21.06 PM.png,194,192,apple,21,5,189,188
Screen Shot 2018-06-08 at 5.21.51 PM.png,210,178,apple,6,16,198,170
Screen Shot 2018-06-08 at 5.24.19 PM.png,432,464,apple,18,76,411,464
Screen Shot 2018-06-08 at 5.25.28 PM.png,302,308,apple,23,12,288,294
Screen Shot 2018-06-08 at 5.25.43 PM.png,230,212,apple,12,15,219,199
Screen Shot 2018-06-08 at 5.26.19 PM.png,388,440,apple,26,85,353,435
Screen Shot 2018-06-08 at 5.27.06 PM.png,338,354,apple,17,21,338,342
Screen Shot 2018-06-08 at 5.27.34 PM.png,374,410,apple,10,24,374,403
Screen Shot 2018-06-08 at 5.27.54 PM.png,534,430,apple,58,11,520,426
Screen Shot 2018-06-08 at 5.28.04 PM.png,364,388,apple,5,30,336,367
Screen Shot 2018-06-08 at 5.28.24 PM.png,182,180,apple,22,11,163,163
Screen Shot 2018-06-08 at 5.28.59 PM.png,282,338,apple,16,68,266,332
Screen Shot 2018-06-08 at 5.29.13 PM.png,182,172,apple,11,9,168,168
Screen Shot 2018-06-08 at 5.29.18 PM.png,210,174,apple,18,9,190,152
Screen Shot 2018-06-08 at 5.32.38 PM.png,352,330,apple,16,13,319,325
Screen Shot 2018-06-08 at 5.32.43 PM.png,414,372,apple,12,21,391,366
Screen Shot 2018-06-08 at 5.32.50 PM.png,390,392,apple,20,23,376,388
Screen Shot 2018-06-08 at 5.34.07 PM.png,410,362,apple,22,16,386,349
translation_Screen Shot 2018-06-08 at 4.59.36 PM.png,458,476,apple,61,92,441,476
translation_Screen Shot 2018-06-08 at 5.00.18 PM.png,372,398,apple,69,86,367,398
translation_Screen Shot 2018-06-08 at 5.01.15 PM.png,382,422,apple,52,101,338,422
translation_Screen Shot 2018-06-08 at 5.02.43 PM.png,296,336,apple,46,60,295,332
translation_Screen Shot 2018-06-08 at 5.03.10 PM.png,366,350,apple,44,40,337,350
translation_Screen Shot 2018-06-08 at 5.03.17 PM.png,376,380,apple,66,91,354,380
translation_Screen Shot 2018-06-08 at 5.07.05 PM.png,238,224,apple,46,24,238,220
translation_Screen Shot 2018-06-08 at 5.07.32 PM.png,432,472,apple,52,101,396,471
translation_Screen Shot 2018-06-08 at 5.08.37 PM.png,466,438,apple,36,48,430,438
translation_Screen Shot 2018-06-08 at 5.09.47 PM.png,206,234,apple,29,42,197,234
translation_Screen Shot 2018-06-08 at 5.10.53 PM.png,196,208,apple,30,28,196,207
translation_Screen Shot 2018-06-08 at 5.11.08 PM.png,388,378,apple,42,45,385,378
translation_Screen Shot 2018-06-08 at 5.13.25 PM.png,318,292,apple,43,54,312,292
translation_Screen Shot 2018-06-08 at 5.14.07 PM.png,404,472,apple,52,122,404,467
translation_Screen Shot 2018-06-08 at 5.14.20 PM.png,320,374,apple,68,94,320,365
translation_Screen Shot 2018-06-08 at 5.14.56 PM.png,438,376,apple,46,58,411,376
translation_Screen Shot 2018-06-08 at 5.15.01 PM.png,400,464,apple,61,84,400,455
translation_Screen Shot 2018-06-08 at 5.15.39 PM.png,378,350,apple,48,45,348,350
translation_Screen Shot 2018-06-08 at 5.16.33 PM.png,402,438,apple,35,61,393,438
translation_Screen Shot 2018-06-08 at 5.16.37 PM.png,422,398,apple,35,43,401,397
translation_Screen Shot 2018-06-08 at 5.16.57 PM.png,366,408,apple,31,87,366,397
translation_Screen Shot 2018-06-08 at 5.17.04 PM.png,462,432,apple,58,45,461,428
translation_Screen Shot 2018-06-08 at 5.18.37 PM.png,374,386,apple,30,76,339,386
translation_Screen Shot 2018-06-08 at 5.18.51 PM.png,374,390,apple,22,60,370,390
translation_Screen Shot 2018-06-08 at 5.19.28 PM.png,392,378,apple,14,68,346,378
translation_Screen Shot 2018-06-08 at 5.20.51 PM.png,378,388,apple,53,42,378,377
translation_Screen Shot 2018-06-08 at 5.21.51 PM.png,210,178,apple,42,43,201,178
translation_Screen Shot 2018-06-08 at 5.21.56 PM.png,200,182,apple,50,37,193,182
translation_Screen Shot 2018-06-08 at 5.23.26 PM.png,196,158,apple,60,35,196,157
translation_Screen Shot 2018-06-08 at 5.24.04 PM.png,366,384,apple,57,85,350,384
translation_Screen Shot 2018-06-08 at 5.24.19 PM.png,432,464,apple,44,102,394,464
translation_Screen Shot 2018-06-08 at 5.25.28 PM.png,302,308,apple,55,37,280,308
translation_Screen Shot 2018-06-08 at 5.25.54 PM.png,410,364,apple,59,44,403,364
translation_Screen Shot 2018-06-08 at 5.26.52 PM.png,224,258,apple,53,49,224,254
translation_Screen Shot 2018-06-08 at 5.29.07 PM.png,528,464,apple,64,44,499,463
translation_Screen Shot 2018-06-08 at 5.32.50 PM.png,390,392,apple,31,39,374,392
translation_Screen Shot 2018-06-08 at 5.33.05 PM.png,272,346,apple,37,36,272,324
vertical_flip_Screen Shot 2018-06-08 at 4.59.49 PM.png,416,402,apple,40,13,384,401
vertical_flip_Screen Shot 2018-06-08 at 5.00.35 PM.png,416,448,apple,21,77,379,448
vertical_flip_Screen Shot 2018-06-08 at 5.00.43 PM.png,436,472,apple,10,44,404,472
vertical_flip_Screen Shot 2018-06-08 at 5.01.01 PM.png,374,398,apple,39,59,336,398
vertical_flip_Screen Shot 2018-06-08 at 5.01.08 PM.png,450,460,apple,21,75,414,460
vertical_flip_Screen Shot 2018-06-08 at 5.03.59 PM.png,414,418,apple,13,44,411,418
vertical_flip_Screen Shot 2018-06-08 at 5.04.24 PM.png,364,324,apple,24,23,328,323
vertical_flip_Screen Shot 2018-06-08 at 5.04.42 PM.png,472,414,apple,7,17,416,413
vertical_flip_Screen Shot 2018-06-08 at 5.04.48 PM.png,176,160,apple,14,1,170,159
vertical_flip_Screen Shot 2018-06-08 at 5.04.59 PM.png,188,178,apple,29,10,176,167
vertical_flip_Screen Shot 2018-06-08 at 5.05.12 PM.png,180,172,apple,32,22,169,172
vertical_flip_Screen Shot 2018-06-08 at 5.06.10 PM.png,352,358,apple,38,67,316,358
vertical_flip_Screen Shot 2018-06-08 at 5.06.40 PM.png,476,428,apple,22,15,437,428
vertical_flip_Screen Shot 2018-06-08 at 5.06.47 PM.png,472,462,apple,19,25,452,462
vertical_flip_Screen Shot 2018-06-08 at 5.07.05 PM.png,238,224,apple,5,8,216,224
vertical_flip_Screen Shot 2018-06-08 at 5.08.46 PM.png,406,400,apple,29,25,399,377
vertical_flip_Screen Shot 2018-06-08 at 5.08.52 PM.png,230,222,apple,10,15,223,214
vertical_flip_Screen Shot 2018-06-08 at 5.09.47 PM.png,206,234,apple,13,25,205,229
vertical_flip_Screen Shot 2018-06-08 at 5.10.53 PM.png,196,208,apple,4,8,193,208
vertical_flip_Screen Shot 2018-06-08 at 5.11.02 PM.png,450,450,apple,25,24,447,430
vertical_flip_Screen Shot 2018-06-08 at 5.12.56 PM.png,378,406,apple,2,25,377,389
vertical_flip_Screen Shot 2018-06-08 at 5.13.02 PM.png,432,430,apple,29,22,420,430
vertical_flip_Screen Shot 2018-06-08 at 5.13.31 PM.png,376,324,apple,30,16,361,318
vertical_flip_Screen Shot 2018-06-08 at 5.14.56 PM.png,438,376,apple,46,33,406,352
vertical_flip_Screen Shot 2018-06-08 at 5.15.21 PM.png,480,464,apple,20,13,469,463
vertical_flip_Screen Shot 2018-06-08 at 5.15.28 PM.png,384,438,apple,19,52,379,435
vertical_flip_Screen Shot 2018-06-08 at 5.16.28 PM.png,380,352,apple,19,17,365,352
vertical_flip_Screen Shot 2018-06-08 at 5.18.26 PM.png,364,402,apple,15,29,358,394
vertical_flip_Screen Shot 2018-06-08 at 5.18.37 PM.png,374,386,apple,37,51,370,386
vertical_flip_Screen Shot 2018-06-08 at 5.20.56 PM.png,436,444,apple,44,48,416,444
vertical_flip_Screen Shot 2018-06-08 at 5.21.31 PM.png,346,334,apple,19,24,318,334
vertical_flip_Screen Shot 2018-06-08 at 5.21.51 PM.png,210,178,apple,20,16,195,177
vertical_flip_Screen Shot 2018-06-08 at 5.23.14 PM.png,182,188,apple,27,19,178,178
vertical_flip_Screen Shot 2018-06-08 at 5.24.04 PM.png,366,384,apple,20,58,332,384
vertical_flip_Screen Shot 2018-06-08 at 5.26.13 PM.png,368,358,apple,18,27,346,358
vertical_flip_Screen Shot 2018-06-08 at 5.26.29 PM.png,352,334,apple,21,13,332,334
vertical_flip_Screen Shot 2018-06-08 at 5.26.36 PM.png,376,394,apple,6,22,366,394
vertical_flip_Screen Shot 2018-06-08 at 5.26.58 PM.png,440,448,apple,20,21,389,448
vertical_flip_Screen Shot 2018-06-08 at 5.28.10 PM.png,474,416,apple,25,11,474,412
vertical_flip_Screen Shot 2018-06-08 at 5.28.42 PM.png,150,142,apple,10,10,138,141
vertical_flip_Screen Shot 2018-06-08 at 5.28.48 PM.png,168,158,apple,10,13,158,158
vertical_flip_Screen Shot 2018-06-08 at 5.29.13 PM.png,182,172,apple,13,18,165,168
vertical_flip_Screen Shot 2018-06-08 at 5.29.18 PM.png,210,174,apple,20,16,193,160
vertical_flip_Screen Shot 2018-06-08 at 5.32.38 PM.png,352,330,apple,32,18,350,322
vertical_flip_Screen Shot 2018-06-08 at 5.32.43 PM.png,414,372,apple,17,8,383,372
vertical_flip_Screen Shot 2018-06-08 at 5.32.50 PM.png,390,392,apple,22,17,390,371
vertical_flip_Screen Shot 2018-06-08 at 5.33.05 PM.png,272,346,apple,1,17,272,336
vertical_flip_Screen Shot 2018-06-08 at 5.33.27 PM.png,324,324,apple,23,42,318,324
